#node1	node2	node1_string_internal_id	node2_string_internal_id	node1_external_id	node2_external_id	neighborhood_on_chromosome	gene_fusion	phylogenetic_cooccurrence	homology	coexpression	experimentally_determined_interaction	database_annotated	automated_textmining	prediction	combined_score
2-arachidonoyl.	anandamide	-100001541	-100002185	-1.CID100001541	-1.CID100002185	0	0	0	0	0	0.514	0.900	0.988	0	0.999
PTGS1	arachidonic ac.	1854170	-100000231	9606.ENSP00000354612	-1.CID100000231	0	0	0	0	0	0.685	0.900	0.987	0	0.999
CYP7A1	cholesterol	1848316	-100000304	9606.ENSP00000301645	-1.CID100000304	0	0	0	0	0	0	0.900	0.994	0	0.999
ALOX5	arachidonic ac.	1856107	-100000231	9606.ENSP00000363512	-1.CID100000231	0	0	0	0	0	0.800	0.900	0.986	0	0.999
ABCA1	APOA1	1856172	1843442	9606.ENSP00000363868	9606.ENSP00000236850	0	0	0	0	0	0.576	0.900	0.980	0	0.999
CNR1	anandamide	1855040	-100002185	9606.ENSP00000358511	-1.CID100002185	0	0	0	0	0	0.845	0.900	0.991	0	0.999
CYP11A1	cholesterol	1845987	-100000304	9606.ENSP00000268053	-1.CID100000304	0	0	0	0	0	0.800	0.900	0.963	0	0.999
PTGS2	arachidonic ac.	1854602	-100000231	9606.ENSP00000356438	-1.CID100000231	0	0	0	0	0	0.795	0.900	0.979	0	0.999
LCAT	APOA1	1845454	1843442	9606.ENSP00000264005	9606.ENSP00000236850	0	0	0	0	0.073	0.998	0.900	0.900	0	0.999
cholesterol	Triacylglycero.	-100000304	-105460048	-1.CID100000304	-1.CID105460048	0	0	0	0	0	0	0.900	0.997	0	0.999
CNR1	2-arachidonoyl.	1855040	-100001541	9606.ENSP00000358511	-1.CID100001541	0	0	0	0	0	0.740	0.900	0.970	0	0.999
APOA1	APOB	1843442	1843345	9606.ENSP00000236850	9606.ENSP00000233242	0	0	0	0	0.115	0.815	0.900	0.982	0	0.999
sphingosine	sphingosine-1-.	-100001104	-100005262	-1.CID100001104	-1.CID100005262	0	0	0	0.650	0	0	0.900	0.993	0	0.999
FAAH	anandamide	1843656	-100002185	9606.ENSP00000243167	-1.CID100002185	0	0	0	0	0	0.235	0.900	0.985	0	0.998
HMGCR	cholesterol	1847097	-100000304	9606.ENSP00000287936	-1.CID100000304	0	0	0	0	0	0	0.900	0.982	0.106	0.998
S1PR3	sphingosine-1-.	1853643	-100005262	9606.ENSP00000350878	-1.CID100005262	0	0	0	0	0	0.912	0.900	0.817	0	0.998
APOB	cholesterol	1843345	-100000304	9606.ENSP00000233242	-1.CID100000304	0	0	0	0	0	0	0.900	0.982	0	0.998
MTTP	APOB	1845764	1843345	9606.ENSP00000265517	9606.ENSP00000233242	0	0	0	0	0.070	0.812	0.900	0.935	0	0.998
LPL	Triacylglycero.	1849220	-105460048	9606.ENSP00000309757	-1.CID105460048	0	0	0	0	0	0	0.900	0.989	0	0.998
S1PR1	sphingosine-1-.	1848727	-100005262	9606.ENSP00000305416	-1.CID100005262	0	0	0	0	0	0.912	0.900	0.860	0	0.998
LCAT	cholesterol	1845454	-100000304	9606.ENSP00000264005	-1.CID100000304	0	0	0	0	0	0	0.900	0.983	0	0.998
LPL	APOB	1849220	1843345	9606.ENSP00000309757	9606.ENSP00000233242	0	0	0	0	0	0	0.900	0.980	0	0.997
ABCA1	cholesterol	1856172	-100000304	9606.ENSP00000363868	-1.CID100000304	0	0	0	0	0	0	0.900	0.976	0	0.997
PLA2G1B	arachidonic ac.	1849515	-100000231	9606.ENSP00000312286	-1.CID100000231	0	0	0	0	0	0	0.900	0.973	0	0.997
APOA1	cholesterol	1843442	-100000304	9606.ENSP00000236850	-1.CID100000304	0	0	0	0	0	0.800	0.900	0.887	0	0.997
APOE	APOB	1844127	1843345	9606.ENSP00000252486	9606.ENSP00000233242	0	0	0	0	0.073	0.569	0.900	0.941	0	0.997
LPL	APOE	1849220	1844127	9606.ENSP00000309757	9606.ENSP00000252486	0	0	0	0	0	0	0.900	0.974	0	0.997
SMPD1	sphingomyelin	1852321	-124848925	9606.ENSP00000340409	-1.CID124848925	0	0	0	0	0	0	0.900	0.973	0	0.997
CNR2	2-arachidonoyl.	1856124	-100001541	9606.ENSP00000363596	-1.CID100001541	0	0	0	0	0	0.737	0.900	0.867	0	0.996
SPHK1	sphingosine	1849643	-100001104	9606.ENSP00000313681	-1.CID100001104	0	0	0	0	0	0.800	0.900	0.851	0	0.996
sphingosine	sphingomyelin	-100001104	-124848925	-1.CID100001104	-1.CID124848925	0	0	0	0	0	0	0.900	0.969	0	0.996
S1PR2	sphingosine-1-.	1863970	-100005262	9606.ENSP00000466933	-1.CID100005262	0	0	0	0	0	0.864	0.900	0.760	0	0.996
CETP	cholesterol	1842395	-100000304	9606.ENSP00000200676	-1.CID100000304	0	0	0	0	0	0	0.900	0.963	0	0.996
TRPV1	anandamide	1858755	-100002185	9606.ENSP00000382659	-1.CID100002185	0	0	0	0	0	0.753	0.700	0.945	0	0.995
SREBF2	cholesterol	1854125	-100000304	9606.ENSP00000354476	-1.CID100000304	0	0	0	0	0	0	0.900	0.953	0	0.995
S1PR5	sphingosine-1-.	1851042	-100005262	9606.ENSP00000328472	-1.CID100005262	0	0	0	0	0	0.874	0.900	0.636	0	0.995
LPA	APOB	1850335	1843345	9606.ENSP00000321334	9606.ENSP00000233242	0	0	0	0	0.119	0	0.900	0.943	0	0.994
LCAT	Triacylglycero.	1845454	-105460048	9606.ENSP00000264005	-1.CID105460048	0	0	0	0	0	0	0.900	0.946	0	0.994
ABCG1	cholesterol	1854276	-100000304	9606.ENSP00000354995	-1.CID100000304	0	0	0	0	0	0	0.900	0.949	0	0.994
arachidonic ac.	eicosapent.d (.	-100000231	-100003209	-1.CID100000231	-1.CID100003209	0	0	0	0.916	0	0	0.900	0.948	0	0.994
PTGS2	PLA2G4A	1854602	1854600	9606.ENSP00000356438	9606.ENSP00000356436	0	0	0	0	0	0	0.900	0.944	0	0.994
ceramide	sphingomyelin	-100002506	-124848925	-1.CID100002506	-1.CID124848925	0	0	0	0	0	0	0	0.993	0	0.993
STAR	cholesterol	1846496	-100000304	9606.ENSP00000276449	-1.CID100000304	0	0	0	0	0	0	0.900	0.935	0	0.993
APOB	Triacylglycero.	1843345	-105460048	9606.ENSP00000233242	-1.CID105460048	0	0	0	0	0	0	0.900	0.936	0	0.993
MTTP	cholesterol	1845764	-100000304	9606.ENSP00000265517	-1.CID100000304	0	0	0	0	0	0	0.900	0.933	0	0.993
MGLL	2-arachidonoyl.	1845675	-100001541	9606.ENSP00000265052	-1.CID100001541	0	0	0	0	0	0	0.900	0.928	0.095	0.993
DHCR24	cholesterol	1855451	-100000304	9606.ENSP00000360316	-1.CID100000304	0	0	0	0	0	0	0.900	0.923	0	0.992
SCARB1	cholesterol	1844967	-100000304	9606.ENSP00000261693	-1.CID100000304	0	0	0	0	0	0	0.700	0.974	0	0.992
oleic acid	Triacylglycero.	-100000965	-105460048	-1.CID100000965	-1.CID105460048	0	0	0	0	0	0	0.900	0.927	0	0.992
ALB	cholesterol	1847637	-100000304	9606.ENSP00000295897	-1.CID100000304	0	0	0	0	0	0	0.900	0.927	0	0.992
arachidonic ac.	linolenic acid	-100000231	-100000860	-1.CID100000231	-1.CID100000860	0	0	0	0.716	0	0	0.900	0.926	0	0.992
VR1	CNR1	1863439	1855040	9606.ENSP00000459962	9606.ENSP00000358511	0	0	0	0	0	0	0	0.992	0	0.992
SOAT1	cholesterol	1854635	-100000304	9606.ENSP00000356591	-1.CID100000304	0	0	0	0	0	0	0.900	0.926	0	0.992
CNR2	anandamide	1856124	-100002185	9606.ENSP00000363596	-1.CID100002185	0	0	0	0	0	0.554	0.900	0.831	0	0.992
ALOX12	arachidonic ac.	1844066	-100000231	9606.ENSP00000251535	-1.CID100000231	0	0	0	0	0	0	0.900	0.931	0	0.992
TRPV1	CNR1	1858755	1855040	9606.ENSP00000382659	9606.ENSP00000358511	0	0	0	0	0	0	0	0.992	0	0.992
APOE	cholesterol	1844127	-100000304	9606.ENSP00000252486	-1.CID100000304	0	0	0	0	0	0	0.900	0.921	0	0.991
PRKCA	arachidonic ac.	1860737	-100000231	9606.ENSP00000408695	-1.CID100000231	0	0	0	0	0	0	0.900	0.918	0	0.991
VR1	anandamide	1863439	-100002185	9606.ENSP00000459962	-1.CID100002185	0	0	0	0	0	0.338	0.800	0.937	0	0.991
LPL	cholesterol	1849220	-100000304	9606.ENSP00000309757	-1.CID100000304	0	0	0	0	0	0	0.900	0.916	0	0.991
APOE	APOA1	1844127	1843442	9606.ENSP00000252486	9606.ENSP00000236850	0	0	0	0	0.090	0.149	0.900	0.901	0	0.991
sphingosine	ceramide	-100001104	-100002506	-1.CID100001104	-1.CID100002506	0	0	0	0	0	0	0	0.991	0	0.991
PRKCG	arachidonic ac.	1845356	-100000231	9606.ENSP00000263431	-1.CID100000231	0	0	0	0	0	0	0.900	0.918	0	0.991
S1PR4	sphingosine-1-.	1843806	-100005262	9606.ENSP00000246115	-1.CID100005262	0	0	0	0	0	0.776	0.900	0.593	0	0.990
linolenic acid	eicosapent.d (.	-100000860	-100003209	-1.CID100000860	-1.CID100003209	0	0	0	0.650	0	0	0.900	0.912	0	0.990
cholesterol	lecithin	-100000304	-110425705	-1.CID100000304	-1.CID110425705	0	0	0	0	0	0	0.900	0.902	0	0.990
cholesterol	24S-hydroxycho.	-100000304	-100121948	-1.CID100000304	-1.CID100121948	0	0	0	0.999	0	0	0.900	0.904	0	0.990
lecithin	sphingomyelin	-110425705	-124848925	-1.CID110425705	-1.CID124848925	0	0	0	0	0	0	0.900	0.905	0	0.990
arachidonic ac.	anandamide	-100000231	-100002185	-1.CID100000231	-1.CID100002185	0	0	0	0.565	0	0	0.900	0.912	0	0.990
cholesterol	oleic acid	-100000304	-100000965	-1.CID100000304	-1.CID100000965	0	0	0	0.690	0	0	0.900	0.899	0	0.989
PTEN	PtdIns	1855586	-116738692	9606.ENSP00000361021	-1.CID116738692	0	0	0	0	0	0	0.900	0.898	0	0.989
cholesterol	27-hydroxychol.	-100000304	-100099470	-1.CID100000304	-1.CID100099470	0	0	0	0.999	0	0	0.900	0.888	0	0.988
linolenic acid	oleic acid	-100000860	-100000965	-1.CID100000860	-1.CID100000965	0	0	0	0.789	0	0	0.900	0.891	0	0.988
SPHK1	sphingosine-1-.	1849643	-100005262	9606.ENSP00000313681	-1.CID100005262	0	0	0	0	0	0	0.900	0.886	0	0.988
linolenic acid	docosahexaenoi.	-100000860	-100003144	-1.CID100000860	-1.CID100003144	0	0	0	0.523	0	0	0.900	0.885	0	0.988
ALOX15B	arachidonic ac.	1857168	-100000231	9606.ENSP00000369530	-1.CID100000231	0	0	0	0	0	0	0.900	0.884	0	0.988
ALOX15	arachidonic ac.	1847434	-100000231	9606.ENSP00000293761	-1.CID100000231	0	0	0	0	0	0	0.900	0.875	0	0.987
APOA1	CETP	1843442	1842395	9606.ENSP00000236850	9606.ENSP00000200676	0	0	0	0	0	0.576	0.900	0.721	0	0.987
SREBF2	HMGCR	1854125	1847097	9606.ENSP00000354476	9606.ENSP00000287936	0	0	0	0	0	0	0.900	0.875	0	0.987
STAR	CYP11A1	1846496	1845987	9606.ENSP00000276449	9606.ENSP00000268053	0	0	0	0	0	0	0.900	0.878	0	0.987
APOE	oleic acid	1844127	-100000965	9606.ENSP00000252486	-1.CID100000965	0	0	0	0	0	0	0.900	0.878	0	0.987
LPA	cholesterol	1850335	-100000304	9606.ENSP00000321334	-1.CID100000304	0	0	0	0	0	0	0.900	0.871	0	0.986
NPC1	cholesterol	1846078	-100000304	9606.ENSP00000269228	-1.CID100000304	0	0	0	0	0	0.800	0.700	0.783	0	0.986
GCG	oleic acid	1859292	-100000965	9606.ENSP00000387662	-1.CID100000965	0	0	0	0	0	0	0.900	0.863	0	0.986
LCAT	lecithin	1845454	-110425705	9606.ENSP00000264005	-1.CID110425705	0	0	0	0	0	0	0.900	0.871	0	0.986
phosphatid.min.	phosphatid. (P.	-100114944	-100445141	-1.CID100114944	-1.CID100445141	0	0	0	0.770	0	0	0	0.986	0	0.986
SPHK2	sphingosine	1843751	-100001104	9606.ENSP00000245222	-1.CID100001104	0	0	0	0	0	0.281	0.900	0.823	0	0.986
FADS2	oleic acid	1846592	-100000965	9606.ENSP00000278840	-1.CID100000965	0	0	0	0	0	0	0.900	0.858	0	0.985
SREBF1	cholesterol	1853255	-100000304	9606.ENSP00000348069	-1.CID100000304	0	0	0	0	0	0	0	0.985	0	0.985
O3FAR1	linolenic acid	1855492	-100000860	9606.ENSP00000360538	-1.CID100000860	0	0	0	0	0	0.235	0.900	0.822	0	0.985
PLA2G4A	arachidonic ac.	1854600	-100000231	9606.ENSP00000356436	-1.CID100000231	0	0	0	0	0	0	0.900	0.855	0	0.985
SCARB1	APOE	1844967	1844127	9606.ENSP00000261693	9606.ENSP00000252486	0	0	0	0	0	0.576	0	0.961	0	0.983
PTGS2	PLA2G1B	1854602	1849515	9606.ENSP00000356438	9606.ENSP00000312286	0	0	0	0	0	0	0.900	0.828	0	0.982
ceramide	sphingosine-1-.	-100002506	-100005262	-1.CID100002506	-1.CID100005262	0	0	0	0	0	0	0	0.980	0	0.980
CYP7A1	27-hydroxychol.	1848316	-100099470	9606.ENSP00000301645	-1.CID100099470	0	0	0	0	0	0	0.900	0.811	0	0.980
LPL	APOA1	1849220	1843442	9606.ENSP00000309757	9606.ENSP00000236850	0	0	0	0	0	0	0.900	0.817	0	0.980
APOA1	arachidonic ac.	1843442	-100000231	9606.ENSP00000236850	-1.CID100000231	0	0	0	0	0	0	0.900	0.810	0	0.980
SPHK2	sphingosine-1-.	1843751	-100005262	9606.ENSP00000245222	-1.CID100005262	0	0	0	0	0	0	0.900	0.812	0	0.980
arachidonic ac.	2-arachidonoyl.	-100000231	-100001541	-1.CID100000231	-1.CID100001541	0	0	0	0.685	0	0	0.900	0.773	0	0.976
APOB	CETP	1843345	1842395	9606.ENSP00000233242	9606.ENSP00000200676	0	0	0	0	0.077	0	0.900	0.757	0	0.975
ABCG1	APOA1	1854276	1843442	9606.ENSP00000354995	9606.ENSP00000236850	0	0	0	0	0	0	0.900	0.767	0	0.975
PTGS2	eicosapent.d (.	1854602	-100003209	9606.ENSP00000356438	-1.CID100003209	0	0	0	0	0	0.795	0.800	0.387	0	0.973
ABCA1	APOE	1856172	1844127	9606.ENSP00000363868	9606.ENSP00000252486	0	0	0	0	0	0	0	0.973	0	0.973
APOE	Triacylglycero.	1844127	-105460048	9606.ENSP00000252486	-1.CID105460048	0	0	0	0	0	0	0.900	0.741	0	0.973
ALB	APOA1	1847637	1843442	9606.ENSP00000295897	9606.ENSP00000236850	0	0	0	0	0.069	0.067	0.900	0.725	0	0.972
cholesterol	sphingomyelin	-100000304	-124848925	-1.CID100000304	-1.CID124848925	0	0	0	0	0	0	0	0.972	0	0.972
ALB	oleic acid	1847637	-100000965	9606.ENSP00000295897	-1.CID100000965	0	0	0	0	0	0.800	0.700	0.560	0	0.972
27-hydroxychol.	24S-hydroxycho.	-100099470	-100121948	-1.CID100099470	-1.CID100121948	0	0	0	0.999	0	0	0	0.970	0	0.970
MGLL	monoacylglycer.	1845675	-113296868	9606.ENSP00000265052	-1.CID113296868	0	0	0	0	0	0	0.900	0.711	0	0.970
CETP	Triacylglycero.	1842395	-105460048	9606.ENSP00000200676	-1.CID105460048	0	0	0	0	0	0	0.900	0.711	0	0.970
LPA	Triacylglycero.	1850335	-105460048	9606.ENSP00000321334	-1.CID105460048	0	0	0	0	0	0	0.900	0.712	0	0.970
oleic acid	eicosapent.d (.	-100000965	-100003209	-1.CID100000965	-1.CID100003209	0	0	0	0	0	0	0.900	0.699	0	0.969
arachidonic ac.	lecithin	-100000231	-110425705	-1.CID100000231	-1.CID110425705	0	0	0	0	0	0	0.900	0.699	0	0.969
PTGS1	PLA2G1B	1854170	1849515	9606.ENSP00000354612	9606.ENSP00000312286	0	0	0	0	0	0	0.900	0.701	0	0.968
GCG	O3FAR1	1859292	1855492	9606.ENSP00000387662	9606.ENSP00000360538	0	0	0	0	0	0	0.900	0.700	0	0.968
PLA2G4A	PTGS1	1854600	1854170	9606.ENSP00000356436	9606.ENSP00000354612	0	0	0	0	0	0	0.900	0.692	0	0.967
APOA1	Triacylglycero.	1843442	-105460048	9606.ENSP00000236850	-1.CID105460048	0	0	0	0	0	0	0.900	0.673	0	0.966
phosphatidic a.	cardiolipin	-100447791	-100449005	-1.CID100447791	-1.CID100449005	0	0	0	0.843	0	0	0	0.966	0	0.966
SCARB1	APOA1	1844967	1843442	9606.ENSP00000261693	9606.ENSP00000236850	0	0	0	0	0	0.812	0	0.821	0	0.965
docosahexaenoi.	eicosapent.d (.	-100003144	-100003209	-1.CID100003144	-1.CID100003209	0	0	0	0.634	0	0	0.900	0.654	0	0.964
ABCG1	SCARB1	1854276	1844967	9606.ENSP00000354995	9606.ENSP00000261693	0	0	0	0	0	0	0	0.963	0	0.963
ALOX15B	PLA2G4A	1857168	1854600	9606.ENSP00000369530	9606.ENSP00000356436	0	0	0	0	0	0	0.900	0.644	0	0.963
phosphatid.min.	phosphatidic a.	-100114944	-100447791	-1.CID100114944	-1.CID100447791	0	0	0	0.878	0	0	0	0.962	0	0.962
ALB	LCAT	1847637	1845454	9606.ENSP00000295897	9606.ENSP00000264005	0	0	0	0	0	0	0.900	0.643	0	0.962
GCG	ALB	1859292	1847637	9606.ENSP00000387662	9606.ENSP00000295897	0	0	0	0	0	0	0	0.960	0	0.960
PLA2G4A	ALOX12	1854600	1844066	9606.ENSP00000356436	9606.ENSP00000251535	0	0	0	0	0	0	0.900	0.621	0	0.960
oleic acid	docosahexaenoi.	-100000965	-100003144	-1.CID100000965	-1.CID100003144	0	0	0	0	0	0	0.900	0.592	0	0.958
SMPD1	sphingosine	1852321	-100001104	9606.ENSP00000340409	-1.CID100001104	0	0	0	0	0	0	0.900	0.595	0	0.958
ABCA1	APOB	1856172	1843345	9606.ENSP00000363868	9606.ENSP00000233242	0	0	0	0	0	0	0	0.957	0	0.958
DGAT2	Triacylglycero.	1843131	-105460048	9606.ENSP00000228027	-1.CID105460048	0	0	0	0	0	0	0.900	0.587	0	0.957
FADS2	linolenic acid	1846592	-100000860	9606.ENSP00000278840	-1.CID100000860	0	0	0	0	0	0	0.900	0.587	0	0.957
MTTP	APOA1	1845764	1843442	9606.ENSP00000265517	9606.ENSP00000236850	0	0	0	0	0	0	0.900	0.583	0	0.956
LPL	MGLL	1849220	1845675	9606.ENSP00000309757	9606.ENSP00000265052	0	0	0	0	0	0	0.900	0.561	0	0.954
phosphatid.min.	lysophosph.yle.	-100114944	-145266515	-1.CID100114944	-1.CID145266515	0	0	0	0	0	0	0	0.953	0	0.953
MTTP	Triacylglycero.	1845764	-105460048	9606.ENSP00000265517	-1.CID105460048	0	0	0	0	0	0	0.900	0.508	0	0.949
ABCA1	SREBF2	1856172	1854125	9606.ENSP00000363868	9606.ENSP00000354476	0	0	0	0	0	0	0	0.948	0	0.948
ABCA1	SREBF1	1856172	1853255	9606.ENSP00000363868	9606.ENSP00000348069	0	0	0	0	0	0	0	0.948	0	0.948
PTGS1	eicosapent.d (.	1854170	-100003209	9606.ENSP00000354612	-1.CID100003209	0	0	0	0	0	0.685	0.800	0.211	0	0.947
LPA	APOA1	1850335	1843442	9606.ENSP00000321334	9606.ENSP00000236850	0	0	0	0	0.112	0	0	0.943	0	0.947
ALOX15B	PTGS2	1857168	1854602	9606.ENSP00000369530	9606.ENSP00000356438	0	0	0	0	0	0	0.900	0.479	0	0.945
ALOX15B	PTGS1	1857168	1854170	9606.ENSP00000369530	9606.ENSP00000354612	0	0	0	0	0	0	0.900	0.469	0	0.944
APOB	oleic acid	1843345	-100000965	9606.ENSP00000233242	-1.CID100000965	0	0	0	0	0	0	0.900	0.461	0	0.944
FAAH	oleic acid	1843656	-100000965	9606.ENSP00000243167	-1.CID100000965	0	0	0	0	0	0.101	0.900	0.381	0	0.941
phosphatid.min.	cardiolipin	-100114944	-100449005	-1.CID100114944	-1.CID100449005	0	0	0	0.901	0	0	0	0.940	0	0.940
PTGS2	ALOX12	1854602	1844066	9606.ENSP00000356438	9606.ENSP00000251535	0	0	0	0	0	0	0.900	0.428	0	0.940
PTGS1	ALOX12	1854170	1844066	9606.ENSP00000354612	9606.ENSP00000251535	0	0	0	0	0	0	0.900	0.415	0	0.939
PTGS1	ALOX15	1854170	1847434	9606.ENSP00000354612	9606.ENSP00000293761	0	0	0	0	0	0	0.900	0.399	0	0.937
arachidonic ac.	docosahexaenoi.	-100000231	-100003144	-1.CID100000231	-1.CID100003144	0	0	0	0.589	0	0	0	0.936	0	0.936
PTGS2	ALOX15	1854602	1847434	9606.ENSP00000356438	9606.ENSP00000293761	0	0	0	0	0	0	0.900	0.385	0	0.935
O3FAR1	oleic acid	1855492	-100000965	9606.ENSP00000360538	-1.CID100000965	0	0	0	0	0	0	0.900	0.368	0	0.935
APOA1	sphingomyelin	1843442	-124848925	9606.ENSP00000236850	-1.CID124848925	0	0	0	0	0	0	0.900	0.341	0	0.932
FAAH	arachidonic ac.	1843656	-100000231	9606.ENSP00000243167	-1.CID100000231	0	0	0	0	0	0	0.900	0.260	0.110	0.930
GCG	LPL	1859292	1849220	9606.ENSP00000387662	9606.ENSP00000309757	0	0	0	0	0	0	0	0.926	0	0.926
PLA2G4A	ALOX15	1854600	1847434	9606.ENSP00000356436	9606.ENSP00000293761	0	0	0	0	0	0	0.900	0.298	0	0.926
O3FAR1	eicosapent.d (.	1855492	-100003209	9606.ENSP00000360538	-1.CID100003209	0	0	0	0	0	0	0.900	0.272	0	0.925
LCAT	APOE	1845454	1844127	9606.ENSP00000264005	9606.ENSP00000252486	0	0	0	0	0	0.576	0	0.832	0	0.925
HMGCR	arachidonic ac.	1847097	-100000231	9606.ENSP00000287936	-1.CID100000231	0	0	0	0	0	0	0.900	0.270	0	0.924
ALB	lecithin	1847637	-110425705	9606.ENSP00000295897	-1.CID110425705	0	0	0	0	0	0	0.900	0.268	0	0.924
ABCG1	Triacylglycero.	1854276	-105460048	9606.ENSP00000354995	-1.CID105460048	0	0	0	0	0	0	0.900	0.266	0	0.924
SREBF2	APOB	1854125	1843345	9606.ENSP00000354476	9606.ENSP00000233242	0	0	0	0	0	0	0	0.923	0	0.923
PRKCA	SPHK1	1860737	1849643	9606.ENSP00000408695	9606.ENSP00000313681	0	0	0	0	0	0	0.900	0.258	0	0.922
APOA1	lecithin	1843442	-110425705	9606.ENSP00000236850	-1.CID110425705	0	0	0	0	0	0	0.900	0.249	0	0.922
DHCR24	SOAT1	1855451	1854635	9606.ENSP00000360316	9606.ENSP00000356591	0	0	0	0	0	0	0.900	0.243	0	0.921
MGLL	arachidonic ac.	1845675	-100000231	9606.ENSP00000265052	-1.CID100000231	0	0	0	0	0	0	0.900	0.234	0	0.921
PLA2G1B	PtdIns	1849515	-116738692	9606.ENSP00000312286	-1.CID116738692	0	0	0	0	0	0	0.900	0.238	0	0.921
phosphatid.min.	sphingomyelin	-100114944	-124848925	-1.CID100114944	-1.CID124848925	0	0	0	0	0	0	0	0.920	0	0.920
PLA2G1B	linolenic acid	1849515	-100000860	9606.ENSP00000312286	-1.CID100000860	0	0	0	0	0	0.091	0.900	0.178	0	0.920
2-arachidonoyl.	sphingosine-1-.	-100001541	-100005262	-1.CID100001541	-1.CID100005262	0	0	0	0	0	0	0.900	0.225	0	0.920
ALB	APOE	1847637	1844127	9606.ENSP00000295897	9606.ENSP00000252486	0	0	0	0	0	0.587	0	0.811	0	0.918
PLA2G4A	FADS2	1854600	1846592	9606.ENSP00000356436	9606.ENSP00000278840	0	0	0	0	0	0	0.900	0.197	0	0.916
APOA1	oleic acid	1843442	-100000965	9606.ENSP00000236850	-1.CID100000965	0	0	0	0	0	0	0.900	0.177	0	0.915
SREBF1	STAR	1853255	1846496	9606.ENSP00000348069	9606.ENSP00000276449	0	0	0	0	0	0	0	0.914	0	0.914
ALOX15B	ALOX15	1857168	1847434	9606.ENSP00000369530	9606.ENSP00000293761	0	0	0.526	0.895	0	0	0.900	0.885	0	0.914
S1PR2	S1PR4	1863970	1843806	9606.ENSP00000466933	9606.ENSP00000246115	0	0	0	0.827	0	0	0.900	0.830	0	0.914
APOA1	linolenic acid	1843442	-100000860	9606.ENSP00000236850	-1.CID100000860	0	0	0	0	0	0	0.900	0.165	0	0.914
ALOX15B	ALOX12	1857168	1844066	9606.ENSP00000369530	9606.ENSP00000251535	0	0	0.526	0.891	0	0	0.900	0.758	0	0.913
S1PR5	S1PR4	1851042	1843806	9606.ENSP00000328472	9606.ENSP00000246115	0	0	0	0.843	0	0	0.900	0.869	0	0.913
CNR1	S1PR5	1855040	1851042	9606.ENSP00000358511	9606.ENSP00000328472	0	0	0	0.699	0	0	0.900	0.485	0	0.913
APOA1	eicosapent.d (.	1843442	-100003209	9606.ENSP00000236850	-1.CID100003209	0	0	0	0	0	0	0.900	0.146	0	0.912
ABCG1	NPC1	1854276	1846078	9606.ENSP00000354995	9606.ENSP00000269228	0	0	0	0	0	0	0	0.910	0	0.911
ABCA1	arachidonic ac.	1856172	-100000231	9606.ENSP00000363868	-1.CID100000231	0	0	0	0	0	0	0.900	0.139	0	0.911
GCG	linolenic acid	1859292	-100000860	9606.ENSP00000387662	-1.CID100000860	0	0	0	0	0	0	0.900	0.143	0	0.911
PLA2G4A	PLB1	1854600	1851258	9606.ENSP00000356436	9606.ENSP00000330442	0	0	0	0	0	0	0.900	0.152	0	0.911
CNR1	FAAH	1855040	1843656	9606.ENSP00000358511	9606.ENSP00000243167	0	0	0	0	0	0	0	0.910	0	0.910
S1PR3	S1PR4	1853643	1843806	9606.ENSP00000350878	9606.ENSP00000246115	0	0	0	0.870	0	0	0.900	0.822	0	0.910
CYP7A1	linolenic acid	1848316	-100000860	9606.ENSP00000301645	-1.CID100000860	0	0	0	0	0	0	0.900	0.116	0	0.909
HMGCR	linolenic acid	1847097	-100000860	9606.ENSP00000287936	-1.CID100000860	0	0	0	0	0	0	0.900	0.121	0	0.909
PLA2G4A	linolenic acid	1854600	-100000860	9606.ENSP00000356436	-1.CID100000860	0	0	0	0	0	0	0.900	0.120	0	0.909
ABCA1	eicosapent.d (.	1856172	-100003209	9606.ENSP00000363868	-1.CID100003209	0	0	0	0	0	0	0.900	0.122	0	0.909
PLA2G4A	lecithin	1854600	-110425705	9606.ENSP00000356436	-1.CID110425705	0	0	0	0	0	0	0.900	0.116	0	0.909
CNR1	S1PR1	1855040	1848727	9606.ENSP00000358511	9606.ENSP00000305416	0	0	0	0.723	0	0	0.900	0.334	0	0.908
ABCA1	linolenic acid	1856172	-100000860	9606.ENSP00000363868	-1.CID100000860	0	0	0	0	0	0	0.900	0.110	0	0.908
CNR1	sphingosine-1-.	1855040	-100005262	9606.ENSP00000358511	-1.CID100005262	0	0	0	0	0	0	0.900	0.111	0	0.908
S1PR1	S1PR4	1848727	1843806	9606.ENSP00000305416	9606.ENSP00000246115	0	0	0	0.886	0	0	0.900	0.756	0	0.908
lecithin	PtdIns	-110425705	-116738692	-1.CID110425705	-1.CID116738692	0	0	0	0.640	0	0	0.900	0.100	0	0.907
LPA	LCAT	1850335	1845454	9606.ENSP00000321334	9606.ENSP00000264005	0	0	0	0	0	0	0	0.907	0	0.907
S1PR3	S1PR5	1853643	1851042	9606.ENSP00000350878	9606.ENSP00000328472	0	0	0	0.904	0	0	0.900	0.839	0	0.907
CNR2	CNR1	1856124	1855040	9606.ENSP00000363596	9606.ENSP00000358511	0	0	0	0.915	0	0	0.900	0.894	0	0.907
S1PR2	S1PR5	1863970	1851042	9606.ENSP00000466933	9606.ENSP00000328472	0	0	0	0.921	0	0	0.900	0.822	0	0.906
S1PR2	S1PR3	1863970	1853643	9606.ENSP00000466933	9606.ENSP00000350878	0	0	0	0.927	0	0	0.900	0.908	0	0.906
LPA	APOE	1850335	1844127	9606.ENSP00000321334	9606.ENSP00000252486	0	0	0	0	0	0	0	0.905	0	0.905
CNR1	S1PR3	1855040	1853643	9606.ENSP00000358511	9606.ENSP00000350878	0	0	0	0.706	0	0	0.900	0.207	0	0.905
S1PR5	S1PR1	1851042	1848727	9606.ENSP00000328472	9606.ENSP00000305416	0	0	0	0.936	0	0	0.900	0.814	0	0.905
S1PR2	CNR1	1863970	1855040	9606.ENSP00000466933	9606.ENSP00000358511	0	0	0	0.672	0	0	0.900	0.174	0	0.904
S1PR3	S1PR1	1853643	1848727	9606.ENSP00000350878	9606.ENSP00000305416	0	0	0	0.953	0	0	0.900	0.871	0	0.904
S1PR2	S1PR1	1863970	1848727	9606.ENSP00000466933	9606.ENSP00000305416	0	0	0	0.943	0	0	0.900	0.870	0	0.904
CNR2	S1PR1	1856124	1848727	9606.ENSP00000363596	9606.ENSP00000305416	0	0	0	0.681	0	0	0.900	0.141	0	0.903
GCG	APOB	1859292	1843345	9606.ENSP00000387662	9606.ENSP00000233242	0	0	0	0	0	0	0	0.902	0	0.902
ALOX5	PTGS2	1856107	1854602	9606.ENSP00000363512	9606.ENSP00000356438	0	0	0	0	0	0	0	0.901	0	0.902
ALOX15	ALOX12	1847434	1844066	9606.ENSP00000293761	9606.ENSP00000251535	0	0	0.527	0.976	0	0	0.900	0.757	0	0.902
SREBF1	oleic acid	1853255	-100000965	9606.ENSP00000348069	-1.CID100000965	0	0	0	0	0	0	0.150	0.888	0	0.902
PLA2G4A	LPCAT4	1854600	1849946	9606.ENSP00000356436	9606.ENSP00000317300	0	0	0	0	0	0	0.900	0.067	0	0.902
PRKCA	PRKCG	1860737	1845356	9606.ENSP00000408695	9606.ENSP00000263431	0	0	0	0.980	0	0	0.900	0.781	0	0.901
PLB1	LCAT	1851258	1845454	9606.ENSP00000330442	9606.ENSP00000264005	0	0	0	0	0	0	0.900	0.053	0	0.901
ABCA1	SCARB1	1856172	1844967	9606.ENSP00000363868	9606.ENSP00000261693	0	0	0	0	0	0	0	0.901	0	0.901
PLB1	ALOX15	1851258	1847434	9606.ENSP00000330442	9606.ENSP00000293761	0	0	0	0	0	0	0.900	0	0	0.900
S1PR5	2-arachidonoyl.	1851042	-100001541	9606.ENSP00000328472	-1.CID100001541	0	0	0	0	0	0	0.900	0	0	0.900
O3FAR1	docosahexaenoi.	1855492	-100003144	9606.ENSP00000360538	-1.CID100003144	0	0	0	0	0	0	0.900	0	0	0.900
S1PR2	CNR2	1863970	1856124	9606.ENSP00000466933	9606.ENSP00000363596	0	0	0	0.687	0	0	0.900	0	0	0.900
CYP7A1	arachidonic ac.	1848316	-100000231	9606.ENSP00000301645	-1.CID100000231	0	0	0	0	0	0	0.900	0	0	0.900
GCG	eicosapent.d (.	1859292	-100003209	9606.ENSP00000387662	-1.CID100003209	0	0	0	0	0	0	0.900	0	0	0.900
SREBF2	arachidonic ac.	1854125	-100000231	9606.ENSP00000354476	-1.CID100000231	0	0	0	0	0	0	0.900	0	0	0.900
SREBF2	eicosapent.d (.	1854125	-100003209	9606.ENSP00000354476	-1.CID100003209	0	0	0	0	0	0	0.900	0	0	0.900
PLA2G1B	ALOX15	1849515	1847434	9606.ENSP00000312286	9606.ENSP00000293761	0	0	0	0	0	0	0.900	0.041	0	0.900
PLB1	LPCAT4	1851258	1849946	9606.ENSP00000330442	9606.ENSP00000317300	0	0	0	0	0	0	0.900	0	0	0.900
APOB	PtdIns	1843345	-116738692	9606.ENSP00000233242	-1.CID116738692	0	0	0	0	0	0	0.900	0	0	0.900
GCG	docosahexaenoi.	1859292	-100003144	9606.ENSP00000387662	-1.CID100003144	0	0	0	0	0	0	0.900	0	0	0.900
PTGS2	PLB1	1854602	1851258	9606.ENSP00000356438	9606.ENSP00000330442	0	0	0	0	0	0	0.900	0	0	0.900
CNR2	sphingosine-1-.	1856124	-100005262	9606.ENSP00000363596	-1.CID100005262	0	0	0	0	0	0	0.900	0	0	0.900
LPCAT4	PLA2G1B	1849946	1849515	9606.ENSP00000317300	9606.ENSP00000312286	0	0	0	0	0	0	0.900	0.046	0	0.900
PLB1	arachidonic ac.	1851258	-100000231	9606.ENSP00000330442	-1.CID100000231	0	0	0	0	0	0	0.900	0	0	0.900
APOE	PtdIns	1844127	-116738692	9606.ENSP00000252486	-1.CID116738692	0	0	0	0	0	0	0.900	0	0	0.900
PTGS1	PLB1	1854170	1851258	9606.ENSP00000354612	9606.ENSP00000330442	0	0	0	0	0	0	0.900	0	0	0.900
PLB1	linolenic acid	1851258	-100000860	9606.ENSP00000330442	-1.CID100000860	0	0	0	0	0	0	0.900	0	0	0.900
PLB1	ALOX12	1851258	1844066	9606.ENSP00000330442	9606.ENSP00000251535	0	0	0	0	0	0	0.900	0	0	0.900
PLB1	FADS2	1851258	1846592	9606.ENSP00000330442	9606.ENSP00000278840	0	0	0	0	0	0	0.900	0.043	0	0.900
PLA2G1B	ALOX12	1849515	1844066	9606.ENSP00000312286	9606.ENSP00000251535	0	0	0	0	0	0	0.900	0	0	0.900
LPCAT4	lecithin	1849946	-110425705	9606.ENSP00000317300	-1.CID110425705	0	0	0	0	0	0	0.900	0	0	0.900
HMGCR	eicosapent.d (.	1847097	-100003209	9606.ENSP00000287936	-1.CID100003209	0	0	0	0	0	0	0.900	0	0	0.900
CNR2	S1PR4	1856124	1843806	9606.ENSP00000363596	9606.ENSP00000246115	0	0	0	0.684	0	0	0.900	0	0	0.900
S1PR2	2-arachidonoyl.	1863970	-100001541	9606.ENSP00000466933	-1.CID100001541	0	0	0	0	0	0	0.900	0	0	0.900
PLA2G1B	FADS2	1849515	1846592	9606.ENSP00000312286	9606.ENSP00000278840	0	0	0	0	0	0	0.900	0	0	0.900
FADS2	PtdIns	1846592	-116738692	9606.ENSP00000278840	-1.CID116738692	0	0	0	0	0	0	0.900	0	0	0.900
S1PR3	2-arachidonoyl.	1853643	-100001541	9606.ENSP00000350878	-1.CID100001541	0	0	0	0	0	0	0.900	0	0	0.900
ALOX15B	PLA2G1B	1857168	1849515	9606.ENSP00000369530	9606.ENSP00000312286	0	0	0	0	0	0	0.900	0.041	0	0.900
APOA1	PtdIns	1843442	-116738692	9606.ENSP00000236850	-1.CID116738692	0	0	0	0	0	0	0.900	0	0	0.900
CYP7A1	eicosapent.d (.	1848316	-100003209	9606.ENSP00000301645	-1.CID100003209	0	0	0	0	0	0	0.900	0	0	0.900
CNR2	S1PR5	1856124	1851042	9606.ENSP00000363596	9606.ENSP00000328472	0	0	0	0.684	0	0	0.900	0	0	0.900
S1PR4	2-arachidonoyl.	1843806	-100001541	9606.ENSP00000246115	-1.CID100001541	0	0	0	0	0	0	0.900	0	0	0.900
SREBF2	linolenic acid	1854125	-100000860	9606.ENSP00000354476	-1.CID100000860	0	0	0	0	0	0	0.900	0	0	0.900
ALOX15B	PLB1	1857168	1851258	9606.ENSP00000369530	9606.ENSP00000330442	0	0	0	0	0	0	0.900	0	0	0.900
S1PR1	2-arachidonoyl.	1848727	-100001541	9606.ENSP00000305416	-1.CID100001541	0	0	0	0	0	0	0.900	0	0	0.900
CNR2	S1PR3	1856124	1853643	9606.ENSP00000363596	9606.ENSP00000350878	0	0	0	0.680	0	0	0.900	0	0	0.900
CNR1	S1PR4	1855040	1843806	9606.ENSP00000358511	9606.ENSP00000246115	0	0	0	0.699	0	0	0.900	0	0	0.900
PLB1	PLA2G1B	1851258	1849515	9606.ENSP00000330442	9606.ENSP00000312286	0	0	0	0	0	0	0.900	0.042	0	0.900
PLB1	lecithin	1851258	-110425705	9606.ENSP00000330442	-1.CID110425705	0	0	0	0	0	0	0.900	0	0	0.900
PRKCA	sphingosine	1860737	-100001104	9606.ENSP00000408695	-1.CID100001104	0	0	0	0	0	0	0	0.898	0	0.898
PRKCG	sphingosine	1845356	-100001104	9606.ENSP00000263431	-1.CID100001104	0	0	0	0	0	0	0	0.898	0	0.898
SOAT1	CYP7A1	1854635	1848316	9606.ENSP00000356591	9606.ENSP00000301645	0	0	0	0	0	0	0.800	0.507	0	0.897
LPL	oleic acid	1849220	-100000965	9606.ENSP00000309757	-1.CID100000965	0	0	0	0	0	0	0	0.896	0	0.896
SOAT1	LCAT	1854635	1845454	9606.ENSP00000356591	9606.ENSP00000264005	0	0	0	0	0	0.427	0	0.823	0	0.894
phosphatidic a.	monoacylglycer.	-100447791	-113296868	-1.CID100447791	-1.CID113296868	0	0	0	0	0	0	0	0.894	0	0.894
SCARB1	APOB	1844967	1843345	9606.ENSP00000261693	9606.ENSP00000233242	0	0	0	0	0	0	0	0.889	0	0.889
ALB	arachidonic ac.	1847637	-100000231	9606.ENSP00000295897	-1.CID100000231	0	0	0	0	0	0.800	0	0.457	0	0.888
sphingosine-1-.	sphingomyelin	-100005262	-124848925	-1.CID100005262	-1.CID124848925	0	0	0	0.715	0	0	0	0.886	0	0.886
cholesterol	ceramide	-100000304	-100002506	-1.CID100000304	-1.CID100002506	0	0	0	0	0	0	0	0.885	0	0.885
PRKCA	ceramide	1860737	-100002506	9606.ENSP00000408695	-1.CID100002506	0	0	0	0	0	0	0	0.884	0	0.885
SMPD1	ceramide	1852321	-100002506	9606.ENSP00000340409	-1.CID100002506	0	0	0	0	0	0	0	0.880	0	0.880
ABCA1	sphingomyelin	1856172	-124848925	9606.ENSP00000363868	-1.CID124848925	0	0	0	0	0	0	0	0.876	0	0.876
LCAT	APOB	1845454	1843345	9606.ENSP00000264005	9606.ENSP00000233242	0	0	0	0	0	0	0	0.876	0	0.876
PLA2G1B	sphingomyelin	1849515	-124848925	9606.ENSP00000312286	-1.CID124848925	0	0	0	0	0	0	0	0.874	0	0.875
ABCG1	ALB	1854276	1847637	9606.ENSP00000354995	9606.ENSP00000295897	0	0	0	0	0	0	0	0.874	0	0.874
MGLL	FAAH	1845675	1843656	9606.ENSP00000265052	9606.ENSP00000243167	0	0	0	0	0	0	0	0.872	0	0.872
ABCA1	LPA	1856172	1850335	9606.ENSP00000363868	9606.ENSP00000321334	0	0	0	0	0	0	0	0.871	0	0.871
VR1	FAAH	1863439	1843656	9606.ENSP00000459962	9606.ENSP00000243167	0	0	0	0	0	0	0	0.870	0	0.870
TRPV1	FAAH	1858755	1843656	9606.ENSP00000382659	9606.ENSP00000243167	0	0	0	0	0	0	0	0.870	0	0.870
LPL	CETP	1849220	1842395	9606.ENSP00000309757	9606.ENSP00000200676	0	0	0	0	0	0.576	0	0.704	0	0.869
cholesterol	phosphatid.min.	-100000304	-100114944	-1.CID100000304	-1.CID100114944	0	0	0	0	0	0	0	0.869	0	0.869
PTGS2	linolenic acid	1854602	-100000860	9606.ENSP00000356438	-1.CID100000860	0	0	0	0	0	0.795	0.150	0.282	0	0.867
CNR1	SREBF1	1855040	1853255	9606.ENSP00000358511	9606.ENSP00000348069	0	0	0	0	0	0	0	0.866	0	0.866
arachidonic ac.	phosphatid.min.	-100000231	-100114944	-1.CID100000231	-1.CID100114944	0	0	0	0	0	0	0	0.865	0	0.865
PLA2G1B	ceramide	1849515	-100002506	9606.ENSP00000312286	-1.CID100002506	0	0	0	0	0	0	0	0.862	0	0.862
ABCA1	24S-hydroxycho.	1856172	-100121948	9606.ENSP00000363868	-1.CID100121948	0	0	0	0	0	0	0.150	0.843	0	0.862
ALOX5	PLA2G4A	1856107	1854600	9606.ENSP00000363512	9606.ENSP00000356436	0	0	0	0	0	0	0	0.859	0	0.860
GCG	CYP7A1	1859292	1848316	9606.ENSP00000387662	9606.ENSP00000301645	0	0	0	0	0	0	0	0.860	0	0.860
PTGS2	sphingosine-1-.	1854602	-100005262	9606.ENSP00000356438	-1.CID100005262	0	0	0	0	0	0	0.150	0.839	0	0.859
FAAH	2-arachidonoyl.	1843656	-100001541	9606.ENSP00000243167	-1.CID100001541	0	0	0	0	0	0.101	0	0.829	0.111	0.855
SCARB1	phosphatid. (P.	1844967	-100445141	9606.ENSP00000261693	-1.CID100445141	0	0	0	0	0	0	0.800	0.299	0	0.855
phosphatid.min.	lecithin	-100114944	-110425705	-1.CID100114944	-1.CID110425705	0	0	0	0.523	0	0	0	0.855	0	0.855
PTGS2	APOE	1854602	1844127	9606.ENSP00000356438	9606.ENSP00000252486	0	0	0	0	0	0	0	0.854	0	0.854
sphingosine	phosphatidic a.	-100001104	-100447791	-1.CID100001104	-1.CID100447791	0	0	0	0	0	0	0	0.853	0	0.853
arachidonic ac.	cholesterol	-100000231	-100000304	-1.CID100000231	-1.CID100000304	0	0	0	0	0	0	0	0.852	0	0.852
ABCA1	27-hydroxychol.	1856172	-100099470	9606.ENSP00000363868	-1.CID100099470	0	0	0	0	0	0	0	0.851	0	0.851
PRKCA	phosphatid. (P.	1860737	-100445141	9606.ENSP00000408695	-1.CID100445141	0	0	0	0	0	0	0.800	0.270	0	0.849
sphingosine-1-.	phosphatidic a.	-100005262	-100447791	-1.CID100005262	-1.CID100447791	0	0	0	0	0	0	0	0.849	0	0.849
DHCR24	CYP7A1	1855451	1848316	9606.ENSP00000360316	9606.ENSP00000301645	0	0	0	0	0.103	0	0.800	0.222	0	0.848
arachidonic ac.	oleic acid	-100000231	-100000965	-1.CID100000231	-1.CID100000965	0	0	0	0.532	0	0	0	0.847	0	0.847
arachidonic ac.	phosphatidic a.	-100000231	-100447791	-1.CID100000231	-1.CID100447791	0	0	0	0	0	0	0	0.846	0	0.846
APOE	ceramide	1844127	-100002506	9606.ENSP00000252486	-1.CID100002506	0	0	0	0	0	0	0	0.844	0	0.844
DHCR24	CYP11A1	1855451	1845987	9606.ENSP00000360316	9606.ENSP00000268053	0	0	0	0	0	0	0.800	0.242	0	0.842
PTGS2	ceramide	1854602	-100002506	9606.ENSP00000356438	-1.CID100002506	0	0	0	0	0	0	0	0.841	0	0.841
SCARB1	linolenic acid	1844967	-100000860	9606.ENSP00000261693	-1.CID100000860	0	0	0	0	0	0	0	0.838	0	0.838
LCAT	DGAT2	1845454	1843131	9606.ENSP00000264005	9606.ENSP00000228027	0	0	0	0	0	0.509	0	0.682	0	0.837
SREBF1	APOB	1853255	1843345	9606.ENSP00000348069	9606.ENSP00000233242	0	0	0	0	0	0	0	0.835	0	0.836
ALOX5	PTGS1	1856107	1854170	9606.ENSP00000363512	9606.ENSP00000354612	0	0	0	0	0	0	0	0.834	0	0.834
SOAT1	CYP11A1	1854635	1845987	9606.ENSP00000356591	9606.ENSP00000268053	0	0	0	0	0	0	0.800	0.204	0	0.834
APOB	linolenic acid	1843345	-100000860	9606.ENSP00000233242	-1.CID100000860	0	0	0	0	0	0	0	0.833	0	0.833
PRKCA	PLA2G4A	1860737	1854600	9606.ENSP00000408695	9606.ENSP00000356436	0	0	0	0	0	0.087	0.800	0.150	0	0.831
HMGCR	24S-hydroxycho.	1847097	-100121948	9606.ENSP00000287936	-1.CID100121948	0	0	0	0	0	0	0.700	0.400	0.106	0.829
SREBF1	ceramide	1853255	-100002506	9606.ENSP00000348069	-1.CID100002506	0	0	0	0	0	0	0	0.828	0	0.828
MGLL	anandamide	1845675	-100002185	9606.ENSP00000265052	-1.CID100002185	0	0	0	0	0	0	0	0.826	0	0.826
LPL	LCAT	1849220	1845454	9606.ENSP00000309757	9606.ENSP00000264005	0	0	0	0	0	0	0	0.824	0	0.824
phosphatid. (P.	sphingomyelin	-100445141	-124848925	-1.CID100445141	-1.CID124848925	0	0	0	0	0	0	0	0.823	0	0.823
PLA2G4A	ceramide	1854600	-100002506	9606.ENSP00000356436	-1.CID100002506	0	0	0	0	0	0	0	0.822	0	0.822
TRPV1	eicosapent.d (.	1858755	-100003209	9606.ENSP00000382659	-1.CID100003209	0	0	0	0	0	0	0.800	0.113	0	0.817
SPHK1	S1PR1	1849643	1848727	9606.ENSP00000313681	9606.ENSP00000305416	0	0	0	0	0	0	0	0.817	0	0.817
VR1	eicosapent.d (.	1863439	-100003209	9606.ENSP00000459962	-1.CID100003209	0	0	0	0	0	0	0.800	0.113	0	0.817
PLA2G4A	PRKCG	1854600	1845356	9606.ENSP00000356436	9606.ENSP00000263431	0	0	0	0	0	0.087	0.800	0.078	0	0.816
LPA	LPL	1850335	1849220	9606.ENSP00000321334	9606.ENSP00000309757	0	0	0	0	0	0	0	0.816	0	0.816
VR1	linolenic acid	1863439	-100000860	9606.ENSP00000459962	-1.CID100000860	0	0	0	0	0	0	0.800	0.106	0	0.815
ALB	APOB	1847637	1843345	9606.ENSP00000295897	9606.ENSP00000233242	0	0	0	0	0	0	0	0.815	0	0.815
TRPV1	linolenic acid	1858755	-100000860	9606.ENSP00000382659	-1.CID100000860	0	0	0	0	0	0	0.800	0.106	0	0.815
PRKCA	SPHK2	1860737	1843751	9606.ENSP00000408695	9606.ENSP00000245222	0	0	0	0	0	0	0.800	0.117	0	0.815
CYP7A1	24S-hydroxycho.	1848316	-100121948	9606.ENSP00000301645	-1.CID100121948	0	0	0	0	0	0	0.700	0.404	0	0.815
CNR2	ALOX5	1856124	1856107	9606.ENSP00000363596	9606.ENSP00000363512	0	0	0	0	0	0	0	0.813	0	0.813
LPA	SCARB1	1850335	1844967	9606.ENSP00000321334	9606.ENSP00000261693	0	0	0	0	0	0	0	0.812	0	0.812
TRPV1	PTGS2	1858755	1854602	9606.ENSP00000382659	9606.ENSP00000356438	0	0	0	0	0	0	0	0.811	0	0.812
LCAT	SCARB1	1845454	1844967	9606.ENSP00000264005	9606.ENSP00000261693	0	0	0	0	0	0	0	0.811	0	0.811
ABCG1	APOE	1854276	1844127	9606.ENSP00000354995	9606.ENSP00000252486	0	0	0	0	0	0	0	0.811	0	0.811
VR1	PTGS2	1863439	1854602	9606.ENSP00000459962	9606.ENSP00000356438	0	0	0	0	0	0	0	0.810	0	0.811
SOAT1	DGAT2	1854635	1843131	9606.ENSP00000356591	9606.ENSP00000228027	0	0	0	0	0	0.342	0	0.725	0	0.811
ABCA1	LCAT	1856172	1845454	9606.ENSP00000363868	9606.ENSP00000264005	0	0	0	0	0	0	0	0.811	0	0.811
PTGS2	docosahexaenoi.	1854602	-100003144	9606.ENSP00000356438	-1.CID100003144	0	0	0	0	0	0.795	0	0.101	0	0.810
cardiolipin	sphingomyelin	-100449005	-124848925	-1.CID100449005	-1.CID124848925	0	0	0	0	0	0	0	0.807	0	0.807
SPHK1	PRKCG	1849643	1845356	9606.ENSP00000313681	9606.ENSP00000263431	0	0	0	0	0	0	0.800	0.063	0	0.804
PRKCG	SPHK2	1845356	1843751	9606.ENSP00000263431	9606.ENSP00000245222	0	0	0	0	0	0	0.800	0.063	0	0.804
VR1	monoacylglycer.	1863439	-113296868	9606.ENSP00000459962	-1.CID113296868	0	0	0	0	0	0	0	0.800	0	0.800
GM2A	oleic acid	1853478	-100000965	9606.ENSP00000349687	-1.CID100000965	0	0	0	0	0	0.800	0	0	0	0.800
TRPV1	monoacylglycer.	1858755	-113296868	9606.ENSP00000382659	-1.CID113296868	0	0	0	0	0	0	0	0.800	0	0.800
SCARB1	anandamide	1844967	-100002185	9606.ENSP00000261693	-1.CID100002185	0	0	0	0	0	0	0	0.800	0	0.800
S1PR1	SPHK2	1848727	1843751	9606.ENSP00000305416	9606.ENSP00000245222	0	0	0	0	0	0	0	0.793	0	0.793
SREBF1	SCARB1	1853255	1844967	9606.ENSP00000348069	9606.ENSP00000261693	0	0	0	0	0	0	0	0.789	0	0.789
TRPV1	ABCA1	1858755	1856172	9606.ENSP00000382659	9606.ENSP00000363868	0	0	0	0	0	0	0	0.783	0	0.784
CNR1	MGLL	1855040	1845675	9606.ENSP00000358511	9606.ENSP00000265052	0	0	0	0	0	0	0	0.782	0	0.782
VR1	ABCA1	1863439	1856172	9606.ENSP00000459962	9606.ENSP00000363868	0	0	0	0	0	0	0	0.781	0	0.781
phosphatid. (P.	cardiolipin	-100445141	-100449005	-1.CID100445141	-1.CID100449005	0	0	0	0.705	0	0	0	0.777	0	0.777
cholesterol	eicosapent.d (.	-100000304	-100003209	-1.CID100000304	-1.CID100003209	0	0	0	0	0	0	0	0.777	0	0.777
PTGS2	2-arachidonoyl.	1854602	-100001541	9606.ENSP00000356438	-1.CID100001541	0	0	0	0	0	0	0.700	0.278	0	0.777
SREBF1	HMGCR	1853255	1847097	9606.ENSP00000348069	9606.ENSP00000287936	0	0	0	0	0	0	0	0.775	0	0.775
ABCA1	oleic acid	1856172	-100000965	9606.ENSP00000363868	-1.CID100000965	0	0	0	0	0	0	0.700	0.257	0	0.770
PTGS1	linolenic acid	1854170	-100000860	9606.ENSP00000354612	-1.CID100000860	0	0	0	0	0	0.704	0	0.241	0	0.770
phosphatid. (P.	phosphatidic a.	-100445141	-100447791	-1.CID100445141	-1.CID100447791	0	0	0	0.656	0	0	0	0.767	0	0.767
ABCA1	NPC1	1856172	1846078	9606.ENSP00000363868	9606.ENSP00000269228	0	0	0	0	0	0	0	0.762	0	0.762
LPL	ALB	1849220	1847637	9606.ENSP00000309757	9606.ENSP00000295897	0	0	0	0	0	0	0	0.757	0	0.757
APOE	CETP	1844127	1842395	9606.ENSP00000252486	9606.ENSP00000200676	0	0	0	0	0	0	0	0.752	0	0.752
FADS2	eicosapent.d (.	1846592	-100003209	9606.ENSP00000278840	-1.CID100003209	0	0	0	0	0	0	0	0.752	0	0.752
ABCA1	CYP7A1	1856172	1848316	9606.ENSP00000363868	9606.ENSP00000301645	0	0	0	0	0	0	0	0.751	0	0.751
CYP7A1	SCARB1	1848316	1844967	9606.ENSP00000301645	9606.ENSP00000261693	0	0	0	0	0	0	0	0.744	0	0.744
cholesterol	linolenic acid	-100000304	-100000860	-1.CID100000304	-1.CID100000860	0	0	0	0.578	0	0	0	0.743	0	0.743
SREBF1	CYP7A1	1853255	1848316	9606.ENSP00000348069	9606.ENSP00000301645	0	0	0	0	0	0	0	0.739	0	0.739
arachidonic ac.	Triacylglycero.	-100000231	-105460048	-1.CID100000231	-1.CID105460048	0	0	0	0	0	0	0	0.734	0	0.734
ABCG1	SREBF1	1854276	1853255	9606.ENSP00000354995	9606.ENSP00000348069	0	0	0	0	0	0	0	0.730	0	0.730
SREBF1	LPL	1853255	1849220	9606.ENSP00000348069	9606.ENSP00000309757	0	0	0	0	0	0	0	0.729	0	0.729
SOAT1	HMGCR	1854635	1847097	9606.ENSP00000356591	9606.ENSP00000287936	0	0	0	0	0	0	0	0.729	0	0.729
LCAT	CETP	1845454	1842395	9606.ENSP00000264005	9606.ENSP00000200676	0	0	0	0	0	0	0	0.729	0	0.729
phosphatidic a.	PtdIns	-100447791	-116738692	-1.CID100447791	-1.CID116738692	0	0	0	0	0	0	0	0.728	0	0.728
HMGCR	APOB	1847097	1843345	9606.ENSP00000287936	9606.ENSP00000233242	0	0	0	0	0	0	0	0.728	0	0.728
SREBF1	MTTP	1853255	1845764	9606.ENSP00000348069	9606.ENSP00000265517	0	0	0	0	0	0	0	0.727	0	0.727
ABCA1	LPL	1856172	1849220	9606.ENSP00000363868	9606.ENSP00000309757	0	0	0	0	0	0	0	0.725	0	0.725
ABCA1	CETP	1856172	1842395	9606.ENSP00000363868	9606.ENSP00000200676	0	0	0	0	0	0	0	0.725	0	0.725
LPA	ALB	1850335	1847637	9606.ENSP00000321334	9606.ENSP00000295897	0	0	0	0	0	0	0	0.725	0	0.725
oleic acid	phosphatid.min.	-100000965	-100114944	-1.CID100000965	-1.CID100114944	0	0	0	0	0	0	0	0.724	0	0.724
ABCG1	LPA	1854276	1850335	9606.ENSP00000354995	9606.ENSP00000321334	0	0	0	0	0	0	0	0.723	0	0.723
LPL	MTTP	1849220	1845764	9606.ENSP00000309757	9606.ENSP00000265517	0	0	0	0	0	0	0	0.722	0	0.722
LPL	SCARB1	1849220	1844967	9606.ENSP00000309757	9606.ENSP00000261693	0	0	0	0	0	0	0	0.722	0	0.722
S1PR2	SPHK1	1863970	1849643	9606.ENSP00000466933	9606.ENSP00000313681	0	0	0	0	0	0	0	0.722	0	0.722
HMGCR	APOE	1847097	1844127	9606.ENSP00000287936	9606.ENSP00000252486	0	0	0	0	0	0	0	0.720	0	0.720
SCARB1	CETP	1844967	1842395	9606.ENSP00000261693	9606.ENSP00000200676	0	0	0	0	0	0	0	0.720	0	0.720
phosphatidic a.	sphingomyelin	-100447791	-124848925	-1.CID100447791	-1.CID124848925	0	0	0	0	0	0	0	0.716	0	0.716
SREBF1	DGAT2	1853255	1843131	9606.ENSP00000348069	9606.ENSP00000228027	0	0	0	0	0	0	0	0.715	0	0.715
ceramide	phosphatidic a.	-100002506	-100447791	-1.CID100002506	-1.CID100447791	0	0	0	0	0	0	0	0.711	0	0.711
S1PR3	SPHK1	1853643	1849643	9606.ENSP00000350878	9606.ENSP00000313681	0	0	0	0	0	0	0	0.710	0	0.710
PTGS1	docosahexaenoi.	1854170	-100003144	9606.ENSP00000354612	-1.CID100003144	0	0	0	0	0	0.685	0	0.100	0	0.709
LPA	CETP	1850335	1842395	9606.ENSP00000321334	9606.ENSP00000200676	0	0	0	0	0	0	0	0.706	0	0.706
sphingosine	phosphatid.min.	-100001104	-100114944	-1.CID100001104	-1.CID100114944	0	0	0	0	0	0	0	0.703	0	0.703
CNR2	FAAH	1856124	1843656	9606.ENSP00000363596	9606.ENSP00000243167	0	0	0	0	0	0	0	0.700	0	0.700
linolenic acid	Triacylglycero.	-100000860	-105460048	-1.CID100000860	-1.CID105460048	0	0	0	0	0	0	0	0.700	0	0.700
ABCA1	HMGCR	1856172	1847097	9606.ENSP00000363868	9606.ENSP00000287936	0	0	0	0	0	0	0	0.700	0	0.700
SREBF1	Triacylglycero.	1853255	-105460048	9606.ENSP00000348069	-1.CID105460048	0	0	0	0	0	0	0	0.695	0	0.696
Triacylglycero.	monoacylglycer.	-105460048	-113296868	-1.CID105460048	-1.CID113296868	0	0	0	0.777	0	0	0	0.695	0	0.695
Triacylglycero.	lecithin	-105460048	-110425705	-1.CID105460048	-1.CID110425705	0	0	0	0	0	0	0	0.692	0	0.692
MGLL	DGAT2	1845675	1843131	9606.ENSP00000265052	9606.ENSP00000228027	0	0	0	0	0	0.297	0	0.578	0	0.690
ceramide	cardiolipin	-100002506	-100449005	-1.CID100002506	-1.CID100449005	0	0	0	0	0	0	0	0.689	0	0.689
2-arachidonoyl.	monoacylglycer.	-100001541	-113296868	-1.CID100001541	-1.CID113296868	0	0	0	0	0	0	0	0.679	0	0.679
cholesterol	cardiolipin	-100000304	-100449005	-1.CID100000304	-1.CID100449005	0	0	0	0	0	0	0	0.678	0	0.678
cholesterol	sphingosine	-100000304	-100001104	-1.CID100000304	-1.CID100001104	0	0	0	0.515	0	0	0	0.677	0	0.677
CYP7A1	HMGCR	1848316	1847097	9606.ENSP00000301645	9606.ENSP00000287936	0	0	0	0	0.091	0	0	0.659	0	0.676
S1PR1	sphingosine	1848727	-100001104	9606.ENSP00000305416	-1.CID100001104	0	0	0	0	0	0	0	0.675	0	0.676
arachidonic ac.	sphingomyelin	-100000231	-124848925	-1.CID100000231	-1.CID124848925	0	0	0	0	0	0	0	0.669	0	0.669
SOAT1	APOB	1854635	1843345	9606.ENSP00000356591	9606.ENSP00000233242	0	0	0	0	0	0	0	0.669	0	0.669
S1PR3	SPHK2	1853643	1843751	9606.ENSP00000350878	9606.ENSP00000245222	0	0	0	0	0	0	0	0.669	0	0.669
SREBF2	SCARB1	1854125	1844967	9606.ENSP00000354476	9606.ENSP00000261693	0	0	0	0	0	0	0	0.668	0	0.668
oleic acid	sphingomyelin	-100000965	-124848925	-1.CID100000965	-1.CID124848925	0	0	0	0	0	0	0	0.668	0	0.668
eicosapent.d (.	Triacylglycero.	-100003209	-105460048	-1.CID100003209	-1.CID105460048	0	0	0	0	0	0	0	0.666	0	0.666
ABCG1	CYP7A1	1854276	1848316	9606.ENSP00000354995	9606.ENSP00000301645	0	0	0	0	0	0	0	0.665	0	0.665
ABCA1	SOAT1	1856172	1854635	9606.ENSP00000363868	9606.ENSP00000356591	0	0	0	0	0	0	0	0.662	0	0.662
S1PR2	SPHK2	1863970	1843751	9606.ENSP00000466933	9606.ENSP00000245222	0	0	0	0	0	0	0	0.660	0	0.660
MTTP	APOE	1845764	1844127	9606.ENSP00000265517	9606.ENSP00000252486	0	0	0	0	0	0	0	0.658	0	0.658
SOAT1	APOE	1854635	1844127	9606.ENSP00000356591	9606.ENSP00000252486	0	0	0	0	0	0	0	0.658	0	0.658
MTTP	DGAT2	1845764	1843131	9606.ENSP00000265517	9606.ENSP00000228027	0	0	0	0	0	0	0	0.658	0	0.658
phosphatid. (P.	lecithin	-100445141	-110425705	-1.CID100445141	-1.CID110425705	0	0	0	0.600	0	0	0	0.656	0	0.656
ABCG1	SREBF2	1854276	1854125	9606.ENSP00000354995	9606.ENSP00000354476	0	0	0	0	0	0	0	0.651	0	0.651
SREBF2	CYP7A1	1854125	1848316	9606.ENSP00000354476	9606.ENSP00000301645	0	0	0	0	0	0	0	0.647	0	0.647
FADS2	arachidonic ac.	1846592	-100000231	9606.ENSP00000278840	-1.CID100000231	0	0	0	0	0	0	0.150	0.594	0	0.645
cardiolipin	monoacylglycer.	-100449005	-113296868	-1.CID100449005	-1.CID113296868	0	0	0	0	0	0	0	0.644	0	0.644
Triacylglycero.	sphingomyelin	-105460048	-124848925	-1.CID105460048	-1.CID124848925	0	0	0	0	0	0	0	0.644	0	0.644
SREBF2	NPC1	1854125	1846078	9606.ENSP00000354476	9606.ENSP00000269228	0	0	0	0	0	0	0	0.642	0	0.642
oleic acid	ceramide	-100000965	-100002506	-1.CID100000965	-1.CID100002506	0	0	0	0	0	0	0	0.637	0	0.637
cholesterol	phosphatidic a.	-100000304	-100447791	-1.CID100000304	-1.CID100447791	0	0	0	0	0	0	0	0.636	0	0.636
SREBF2	MTTP	1854125	1845764	9606.ENSP00000354476	9606.ENSP00000265517	0	0	0	0	0	0	0	0.635	0	0.635
APOB	DGAT2	1843345	1843131	9606.ENSP00000233242	9606.ENSP00000228027	0	0	0	0	0	0	0	0.634	0	0.634
SREBF1	APOE	1853255	1844127	9606.ENSP00000348069	9606.ENSP00000252486	0	0	0	0	0	0	0	0.634	0	0.634
STAR	SCARB1	1846496	1844967	9606.ENSP00000276449	9606.ENSP00000261693	0	0	0	0	0	0	0	0.633	0	0.633
ABCG1	LCAT	1854276	1845454	9606.ENSP00000354995	9606.ENSP00000264005	0	0	0	0	0	0	0	0.631	0	0.631
anandamide	phosphatid.min.	-100002185	-100114944	-1.CID100002185	-1.CID100114944	0	0	0	0	0	0	0	0.631	0	0.631
TRPV1	MGLL	1858755	1845675	9606.ENSP00000382659	9606.ENSP00000265052	0	0	0	0	0	0	0	0.628	0	0.628
VR1	MGLL	1863439	1845675	9606.ENSP00000459962	9606.ENSP00000265052	0	0	0	0	0	0	0	0.628	0	0.628
ceramide	phosphatid.min.	-100002506	-100114944	-1.CID100002506	-1.CID100114944	0	0	0	0	0	0	0	0.628	0	0.628
cardiolipin	lecithin	-100449005	-110425705	-1.CID100449005	-1.CID110425705	0	0	0	0	0	0	0	0.627	0	0.627
oleic acid	phosphatidic a.	-100000965	-100447791	-1.CID100000965	-1.CID100447791	0	0	0	0	0	0	0	0.627	0	0.627
phosphatid. (P.	lysophosph.yle.	-100445141	-145266515	-1.CID100445141	-1.CID145266515	0	0	0	0.522	0	0	0	0.625	0	0.625
PLA2G4A	phosphatidic a.	1854600	-100447791	9606.ENSP00000356436	-1.CID100447791	0	0	0	0	0	0	0	0.619	0	0.620
SREBF2	SREBF1	1854125	1853255	9606.ENSP00000354476	9606.ENSP00000348069	0	0	0	0.895	0	0.576	0	0.871	0	0.614
ceramide	Triacylglycero.	-100002506	-105460048	-1.CID100002506	-1.CID105460048	0	0	0	0	0	0	0	0.613	0	0.613
SCARB1	Triacylglycero.	1844967	-105460048	9606.ENSP00000261693	-1.CID105460048	0	0	0	0	0	0	0	0.613	0	0.613
SPHK1	ceramide	1849643	-100002506	9606.ENSP00000313681	-1.CID100002506	0	0	0	0	0	0	0	0.611	0	0.611
PLA2G4A	LPA	1854600	1850335	9606.ENSP00000356436	9606.ENSP00000321334	0	0	0	0	0	0	0	0.610	0	0.610
ABCG1	APOB	1854276	1843345	9606.ENSP00000354995	9606.ENSP00000233242	0	0	0	0	0	0	0	0.610	0	0.610
CNR1	arachidonic ac.	1855040	-100000231	9606.ENSP00000358511	-1.CID100000231	0	0	0	0	0	0	0	0.576	0.106	0.609
ceramide	monoacylglycer.	-100002506	-113296868	-1.CID100002506	-1.CID113296868	0	0	0	0	0	0	0	0.608	0	0.608
sphingosine	monoacylglycer.	-100001104	-113296868	-1.CID100001104	-1.CID113296868	0	0	0	0	0	0	0	0.604	0	0.604
LPL	monoacylglycer.	1849220	-113296868	9606.ENSP00000309757	-1.CID113296868	0	0	0	0	0	0	0	0.602	0	0.602
sphingosine-1-.	phosphatid.min.	-100005262	-100114944	-1.CID100005262	-1.CID100114944	0	0	0	0	0	0	0	0.600	0	0.600
LCAT	sphingomyelin	1845454	-124848925	9606.ENSP00000264005	-1.CID124848925	0	0	0	0	0	0	0	0.599	0	0.599
TRPV1	PTGS1	1858755	1854170	9606.ENSP00000382659	9606.ENSP00000354612	0	0	0	0	0	0	0	0.596	0	0.597
sphingomyelin	lysophosph.yle.	-124848925	-145266515	-1.CID124848925	-1.CID145266515	0	0	0	0	0	0	0	0.597	0	0.597
PTGS2	PTGS1	1854602	1854170	9606.ENSP00000356438	9606.ENSP00000354612	0	0	0.527	0.974	0	0.576	0	0.973	0	0.592
VR1	PTGS1	1863439	1854170	9606.ENSP00000459962	9606.ENSP00000354612	0	0	0	0	0	0	0	0.588	0	0.588
docosahexaenoi.	phosphatid.min.	-100003144	-100114944	-1.CID100003144	-1.CID100114944	0	0	0	0	0	0	0	0.587	0	0.587
LPL	HMGCR	1849220	1847097	9606.ENSP00000309757	9606.ENSP00000287936	0	0	0	0	0	0	0	0.585	0	0.585
HMGCR	APOA1	1847097	1843442	9606.ENSP00000287936	9606.ENSP00000236850	0	0	0	0	0	0	0	0.584	0	0.584
HMGCR	NPC1	1847097	1846078	9606.ENSP00000287936	9606.ENSP00000269228	0	0	0	0	0	0	0	0.584	0	0.584
CYP7A1	APOB	1848316	1843345	9606.ENSP00000301645	9606.ENSP00000233242	0	0	0	0	0	0	0	0.582	0	0.582
MTTP	SCARB1	1845764	1844967	9606.ENSP00000265517	9606.ENSP00000261693	0	0	0	0	0	0	0	0.582	0	0.582
ALB	HMGCR	1847637	1847097	9606.ENSP00000295897	9606.ENSP00000287936	0	0	0	0	0	0	0	0.582	0	0.582
SOAT1	SCARB1	1854635	1844967	9606.ENSP00000356591	9606.ENSP00000261693	0	0	0	0	0	0	0	0.582	0	0.582
ABCG1	LPL	1854276	1849220	9606.ENSP00000354995	9606.ENSP00000309757	0	0	0	0	0	0	0	0.581	0	0.581
SREBF2	APOE	1854125	1844127	9606.ENSP00000354476	9606.ENSP00000252486	0	0	0	0	0	0	0	0.581	0	0.581
oleic acid	lecithin	-100000965	-110425705	-1.CID100000965	-1.CID110425705	0	0	0	0	0	0	0	0.581	0	0.581
HMGCR	SCARB1	1847097	1844967	9606.ENSP00000287936	9606.ENSP00000261693	0	0	0	0	0	0	0	0.581	0	0.581
CYP7A1	APOE	1848316	1844127	9606.ENSP00000301645	9606.ENSP00000252486	0	0	0	0	0	0	0	0.580	0	0.580
GCG	SREBF1	1859292	1853255	9606.ENSP00000387662	9606.ENSP00000348069	0	0	0	0	0	0	0	0.580	0	0.580
CYP7A1	Triacylglycero.	1848316	-105460048	9606.ENSP00000301645	-1.CID105460048	0	0	0	0	0	0	0	0.580	0	0.580
ABCA1	MTTP	1856172	1845764	9606.ENSP00000363868	9606.ENSP00000265517	0	0	0	0	0	0	0	0.580	0	0.580
phosphatidic a.	lysophosph.yle.	-100447791	-145266515	-1.CID100447791	-1.CID145266515	0	0	0	0	0	0	0	0.580	0	0.580
cardiolipin	lysophosph.yle.	-100449005	-145266515	-1.CID100449005	-1.CID145266515	0	0	0	0	0	0	0	0.580	0	0.580
VR1	TRPV1	1863439	1858755	9606.ENSP00000459962	9606.ENSP00000382659	0	0	0	0.991	0	0.576	0	0.800	0	0.579
phosphatid.min.	Triacylglycero.	-100114944	-105460048	-1.CID100114944	-1.CID105460048	0	0	0	0	0	0	0	0.579	0	0.579
cholesterol	phosphatid. (P.	-100000304	-100445141	-1.CID100000304	-1.CID100445141	0	0	0	0	0	0	0	0.577	0	0.577
arachidonic ac.	cardiolipin	-100000231	-100449005	-1.CID100000231	-1.CID100449005	0	0	0	0	0	0	0	0.575	0	0.575
oleic acid	monoacylglycer.	-100000965	-113296868	-1.CID100000965	-1.CID113296868	0	0	0	0	0	0	0	0.573	0	0.573
LCAT	phosphatid.min.	1845454	-100114944	9606.ENSP00000264005	-1.CID100114944	0	0	0	0	0	0	0	0.569	0	0.570
ALB	Triacylglycero.	1847637	-105460048	9606.ENSP00000295897	-1.CID105460048	0	0	0	0	0	0	0	0.569	0	0.569
PTEN	ALB	1855586	1847637	9606.ENSP00000361021	9606.ENSP00000295897	0	0	0	0	0	0	0	0.569	0	0.569
SREBF2	LPL	1854125	1849220	9606.ENSP00000354476	9606.ENSP00000309757	0	0	0	0	0	0	0	0.568	0	0.568
ABCG1	CETP	1854276	1842395	9606.ENSP00000354995	9606.ENSP00000200676	0	0	0	0	0	0	0	0.567	0	0.567
S1PR4	SPHK2	1843806	1843751	9606.ENSP00000246115	9606.ENSP00000245222	0	0	0	0	0	0	0	0.567	0	0.567
CNR1	ALB	1855040	1847637	9606.ENSP00000358511	9606.ENSP00000295897	0	0	0	0	0	0	0	0.566	0	0.566
SOAT1	ABCG1	1854635	1854276	9606.ENSP00000356591	9606.ENSP00000354995	0	0	0	0	0	0	0	0.566	0	0.566
HMGCR	MTTP	1847097	1845764	9606.ENSP00000287936	9606.ENSP00000265517	0	0	0	0	0	0	0	0.566	0	0.566
SREBF1	FADS2	1853255	1846592	9606.ENSP00000348069	9606.ENSP00000278840	0	0	0	0	0	0	0	0.566	0	0.566
linolenic acid	phosphatid.min.	-100000860	-100114944	-1.CID100000860	-1.CID100114944	0	0	0	0	0	0	0	0.566	0	0.566
SREBF1	APOA1	1853255	1843442	9606.ENSP00000348069	9606.ENSP00000236850	0	0	0	0	0	0	0	0.565	0	0.565
SOAT1	MTTP	1854635	1845764	9606.ENSP00000356591	9606.ENSP00000265517	0	0	0	0	0	0	0	0.565	0	0.565
oleic acid	cardiolipin	-100000965	-100449005	-1.CID100000965	-1.CID100449005	0	0	0	0	0	0	0	0.562	0	0.562
arachidonic ac.	ceramide	-100000231	-100002506	-1.CID100000231	-1.CID100002506	0	0	0	0	0	0	0	0.562	0	0.562
SMPD1	SPHK1	1852321	1849643	9606.ENSP00000340409	9606.ENSP00000313681	0	0	0	0	0	0	0	0.561	0	0.561
NPC1	SCARB1	1846078	1844967	9606.ENSP00000269228	9606.ENSP00000261693	0	0	0	0	0	0	0	0.561	0	0.561
ABCA1	ALB	1856172	1847637	9606.ENSP00000363868	9606.ENSP00000295897	0	0	0	0	0	0	0	0.561	0	0.561
HMGCR	Triacylglycero.	1847097	-105460048	9606.ENSP00000287936	-1.CID105460048	0	0	0	0	0	0	0	0.561	0	0.561
LPL	DGAT2	1849220	1843131	9606.ENSP00000309757	9606.ENSP00000228027	0	0	0	0	0	0	0	0.561	0	0.561
S1PR5	SPHK2	1851042	1843751	9606.ENSP00000328472	9606.ENSP00000245222	0	0	0	0	0	0	0	0.560	0	0.560
CYP11A1	SCARB1	1845987	1844967	9606.ENSP00000268053	9606.ENSP00000261693	0	0	0	0	0	0	0	0.558	0	0.558
oleic acid	sphingosine	-100000965	-100001104	-1.CID100000965	-1.CID100001104	0	0	0	0.507	0	0	0	0.556	0	0.556
ceramide	phosphatid. (P.	-100002506	-100445141	-1.CID100002506	-1.CID100445141	0	0	0	0	0	0	0	0.549	0	0.549
CYP7A1	APOA1	1848316	1843442	9606.ENSP00000301645	9606.ENSP00000236850	0	0	0	0	0	0	0	0.542	0	0.542
ALB	SCARB1	1847637	1844967	9606.ENSP00000295897	9606.ENSP00000261693	0	0	0	0	0	0	0	0.538	0	0.538
ABCA1	Triacylglycero.	1856172	-105460048	9606.ENSP00000363868	-1.CID105460048	0	0	0	0	0	0	0	0.536	0	0.536
ABCG1	HMGCR	1854276	1847097	9606.ENSP00000354995	9606.ENSP00000287936	0	0	0	0	0	0	0	0.535	0	0.535
SOAT1	SREBF2	1854635	1854125	9606.ENSP00000356591	9606.ENSP00000354476	0	0	0	0	0	0	0	0.535	0	0.535
LPL	CYP7A1	1849220	1848316	9606.ENSP00000309757	9606.ENSP00000301645	0	0	0	0	0	0	0	0.535	0	0.535
TRPV1	CNR2	1858755	1856124	9606.ENSP00000382659	9606.ENSP00000363596	0	0	0	0	0	0	0	0.534	0	0.534
VR1	CNR2	1863439	1856124	9606.ENSP00000459962	9606.ENSP00000363596	0	0	0	0	0	0	0	0.534	0	0.534
SOAT1	NPC1	1854635	1846078	9606.ENSP00000356591	9606.ENSP00000269228	0	0	0	0	0	0	0	0.533	0	0.533
SMPD1	NPC1	1852321	1846078	9606.ENSP00000340409	9606.ENSP00000269228	0	0	0	0	0	0	0	0.532	0	0.532
cholesterol	docosahexaenoi.	-100000304	-100003144	-1.CID100000304	-1.CID100003144	0	0	0	0	0	0	0	0.531	0	0.531
GCG	cholesterol	1859292	-100000304	9606.ENSP00000387662	-1.CID100000304	0	0	0	0	0	0	0	0.527	0	0.527
arachidonic ac.	monoacylglycer.	-100000231	-113296868	-1.CID100000231	-1.CID113296868	0	0	0	0	0	0	0	0.523	0	0.523
PRKCG	phosphatidic a.	1845356	-100447791	9606.ENSP00000263431	-1.CID100447791	0	0	0	0	0	0	0	0.521	0	0.522
phosphatid.min.	PtdIns	-100114944	-116738692	-1.CID100114944	-1.CID116738692	0	0	0	0	0	0	0	0.520	0	0.520
SPHK1	S1PR4	1849643	1843806	9606.ENSP00000313681	9606.ENSP00000246115	0	0	0	0	0	0	0	0.519	0	0.519
SPHK2	ceramide	1843751	-100002506	9606.ENSP00000245222	-1.CID100002506	0	0	0	0	0	0	0	0.518	0	0.519
HMGCR	27-hydroxychol.	1847097	-100099470	9606.ENSP00000287936	-1.CID100099470	0	0	0	0	0	0	0	0.476	0.106	0.518
DGAT2	monoacylglycer.	1843131	-113296868	9606.ENSP00000228027	-1.CID113296868	0	0	0	0	0	0	0	0.516	0	0.516
LPA	MTTP	1850335	1845764	9606.ENSP00000321334	9606.ENSP00000265517	0	0	0	0	0	0	0	0.513	0	0.513
S1PR5	SPHK1	1851042	1849643	9606.ENSP00000328472	9606.ENSP00000313681	0	0	0	0	0	0	0	0.510	0	0.510
NPC1	APOE	1846078	1844127	9606.ENSP00000269228	9606.ENSP00000252486	0	0	0	0	0	0	0	0.509	0	0.509
SOAT1	APOA1	1854635	1843442	9606.ENSP00000356591	9606.ENSP00000236850	0	0	0	0	0	0	0	0.509	0	0.509
phosphatidic a.	lecithin	-100447791	-110425705	-1.CID100447791	-1.CID110425705	0	0	0	0	0	0	0	0.508	0	0.508
SOAT1	LPL	1854635	1849220	9606.ENSP00000356591	9606.ENSP00000309757	0	0	0	0	0	0	0	0.507	0	0.507
SREBF2	Triacylglycero.	1854125	-105460048	9606.ENSP00000354476	-1.CID105460048	0	0	0	0	0	0	0	0.506	0	0.507
GCG	Triacylglycero.	1859292	-105460048	9606.ENSP00000387662	-1.CID105460048	0	0	0	0	0	0	0	0.507	0	0.507
ALB	MTTP	1847637	1845764	9606.ENSP00000295897	9606.ENSP00000265517	0	0	0	0	0	0	0	0.507	0	0.507
CYP7A1	MTTP	1848316	1845764	9606.ENSP00000301645	9606.ENSP00000265517	0	0	0	0	0	0	0	0.505	0	0.505
HMGCR	LCAT	1847097	1845454	9606.ENSP00000287936	9606.ENSP00000264005	0	0	0	0	0	0	0	0.505	0	0.505
SMPD1	ALB	1852321	1847637	9606.ENSP00000340409	9606.ENSP00000295897	0	0	0	0	0	0	0	0.505	0	0.505
sphingosine	cardiolipin	-100001104	-100449005	-1.CID100001104	-1.CID100449005	0	0	0	0	0	0	0	0.502	0	0.502
SOAT1	SREBF1	1854635	1853255	9606.ENSP00000356591	9606.ENSP00000348069	0	0	0	0	0	0	0	0.502	0	0.502
PLA2G4A	PLA2G1B	1854600	1849515	9606.ENSP00000356436	9606.ENSP00000312286	0	0	0	0	0	0	0	0.501	0	0.501
SREBF2	APOA1	1854125	1843442	9606.ENSP00000354476	9606.ENSP00000236850	0	0	0	0	0	0	0	0.499	0	0.499
SMPD1	SPHK2	1852321	1843751	9606.ENSP00000340409	9606.ENSP00000245222	0	0	0	0	0	0	0	0.500	0	0.499
SOAT1	ALB	1854635	1847637	9606.ENSP00000356591	9606.ENSP00000295897	0	0	0	0	0	0	0	0.500	0	0.499
arachidonic ac.	lysophosph.yle.	-100000231	-145266515	-1.CID100000231	-1.CID145266515	0	0	0	0	0	0	0	0.496	0	0.496
LPL	arachidonic ac.	1849220	-100000231	9606.ENSP00000309757	-1.CID100000231	0	0	0	0	0	0	0	0.495	0	0.495
SREBF1	NPC1	1853255	1846078	9606.ENSP00000348069	9606.ENSP00000269228	0	0	0	0	0	0	0	0.494	0	0.494
cardiolipin	Triacylglycero.	-100449005	-105460048	-1.CID100449005	-1.CID105460048	0	0	0	0	0	0	0	0.493	0	0.493
PRKCA	phosphatidic a.	1860737	-100447791	9606.ENSP00000408695	-1.CID100447791	0	0	0	0	0	0	0	0.489	0	0.489
phosphatidic a.	Triacylglycero.	-100447791	-105460048	-1.CID100447791	-1.CID105460048	0	0	0	0	0	0	0	0.484	0	0.484
sphingosine-1-.	monoacylglycer.	-100005262	-113296868	-1.CID100005262	-1.CID113296868	0	0	0	0	0	0	0	0.481	0	0.481
ALOX5	ALB	1856107	1847637	9606.ENSP00000363512	9606.ENSP00000295897	0	0	0	0	0	0	0	0.480	0	0.480
CYP7A1	CETP	1848316	1842395	9606.ENSP00000301645	9606.ENSP00000200676	0	0	0	0	0	0	0	0.480	0	0.480
SREBF1	ALB	1853255	1847637	9606.ENSP00000348069	9606.ENSP00000295897	0	0	0	0	0	0	0	0.477	0	0.477
ALOX5	APOE	1856107	1844127	9606.ENSP00000363512	9606.ENSP00000252486	0	0	0	0	0	0	0	0.477	0	0.477
cholesterol	sphingosine-1-.	-100000304	-100005262	-1.CID100000304	-1.CID100005262	0	0	0	0	0	0	0	0.476	0	0.476
arachidonic ac.	phosphatid. (P.	-100000231	-100445141	-1.CID100000231	-1.CID100445141	0	0	0	0	0	0	0	0.476	0	0.476
TRPV1	ALB	1858755	1847637	9606.ENSP00000382659	9606.ENSP00000295897	0	0	0	0	0	0	0	0.472	0	0.472
LPA	HMGCR	1850335	1847097	9606.ENSP00000321334	9606.ENSP00000287936	0	0	0	0	0	0	0	0.472	0	0.472
CNR2	ALB	1856124	1847637	9606.ENSP00000363596	9606.ENSP00000295897	0	0	0	0	0	0	0	0.472	0	0.472
DHCR24	HMGCR	1855451	1847097	9606.ENSP00000360316	9606.ENSP00000287936	0	0	0	0	0.072	0	0	0.454	0	0.472
STAR	NPC1	1846496	1846078	9606.ENSP00000276449	9606.ENSP00000269228	0	0	0	0	0	0	0	0.471	0	0.471
SOAT1	LPA	1854635	1850335	9606.ENSP00000356591	9606.ENSP00000321334	0	0	0	0	0	0	0	0.471	0	0.471
MTTP	CETP	1845764	1842395	9606.ENSP00000265517	9606.ENSP00000200676	0	0	0	0	0	0	0	0.471	0	0.471
VR1	ALB	1863439	1847637	9606.ENSP00000459962	9606.ENSP00000295897	0	0	0	0	0	0	0	0.471	0	0.471
ALOX5	eicosapent.d (.	1856107	-100003209	9606.ENSP00000363512	-1.CID100003209	0	0	0	0	0	0	0	0.471	0	0.471
GCG	APOE	1859292	1844127	9606.ENSP00000387662	9606.ENSP00000252486	0	0	0	0	0	0	0	0.471	0	0.471
S1PR3	sphingosine	1853643	-100001104	9606.ENSP00000350878	-1.CID100001104	0	0	0	0	0	0	0	0.471	0	0.471
NPC1	APOA1	1846078	1843442	9606.ENSP00000269228	9606.ENSP00000236850	0	0	0	0	0	0	0	0.469	0	0.469
HMGCR	CETP	1847097	1842395	9606.ENSP00000287936	9606.ENSP00000200676	0	0	0	0	0	0	0	0.469	0	0.469
CNR2	MGLL	1856124	1845675	9606.ENSP00000363596	9606.ENSP00000265052	0	0	0	0	0	0	0	0.467	0	0.467
MGLL	LCAT	1845675	1845454	9606.ENSP00000265052	9606.ENSP00000264005	0	0	0	0	0	0.303	0	0.264	0	0.465
LPL	2-arachidonoyl.	1849220	-100001541	9606.ENSP00000309757	-1.CID100001541	0	0	0	0	0	0	0	0.462	0	0.462
cholesterol	monoacylglycer.	-100000304	-113296868	-1.CID100000304	-1.CID113296868	0	0	0	0	0	0	0	0.462	0	0.462
PTGS2	STAR	1854602	1846496	9606.ENSP00000356438	9606.ENSP00000276449	0	0	0	0	0	0	0	0.459	0	0.459
ABCA1	DGAT2	1856172	1843131	9606.ENSP00000363868	9606.ENSP00000228027	0	0	0	0	0	0	0	0.457	0	0.457
phosphatid.min.	monoacylglycer.	-100114944	-113296868	-1.CID100114944	-1.CID113296868	0	0	0	0	0	0	0	0.455	0	0.455
SREBF1	CETP	1853255	1842395	9606.ENSP00000348069	9606.ENSP00000200676	0	0	0	0	0	0	0	0.454	0	0.454
arachidonic ac.	sphingosine	-100000231	-100001104	-1.CID100000231	-1.CID100001104	0	0	0	0	0	0	0	0.451	0	0.451
PRKCA	PTEN	1860737	1855586	9606.ENSP00000408695	9606.ENSP00000361021	0	0	0	0	0	0.109	0	0.405	0	0.447
SCARB1	lecithin	1844967	-110425705	9606.ENSP00000261693	-1.CID110425705	0	0	0	0	0	0	0	0.445	0	0.445
O3FAR1	NPC1	1855492	1846078	9606.ENSP00000360538	9606.ENSP00000269228	0	0	0	0	0	0	0	0.440	0	0.440
CYP7A1	LCAT	1848316	1845454	9606.ENSP00000301645	9606.ENSP00000264005	0	0	0	0	0	0	0	0.439	0	0.439
oleic acid	phosphatid. (P.	-100000965	-100445141	-1.CID100000965	-1.CID100445141	0	0	0	0	0	0	0	0.437	0	0.437
cholesterol	anandamide	-100000304	-100002185	-1.CID100000304	-1.CID100002185	0	0	0	0	0	0	0	0.437	0	0.437
TRPV1	arachidonic ac.	1858755	-100000231	9606.ENSP00000382659	-1.CID100000231	0	0	0	0	0	0	0	0.412	0.064	0.434
PRKCG	cholesterol	1845356	-100000304	9606.ENSP00000263431	-1.CID100000304	0	0	0	0	0	0	0	0.428	0	0.429
PRKCG	ceramide	1845356	-100002506	9606.ENSP00000263431	-1.CID100002506	0	0	0	0	0	0	0	0.428	0	0.429
SPHK1	sphingomyelin	1849643	-124848925	9606.ENSP00000313681	-1.CID124848925	0	0	0	0	0	0	0	0.425	0	0.426
docosahexaenoi.	Triacylglycero.	-100003144	-105460048	-1.CID100003144	-1.CID105460048	0	0	0	0	0	0	0	0.424	0	0.424
arachidonic ac.	sphingosine-1-.	-100000231	-100005262	-1.CID100000231	-1.CID100005262	0	0	0	0	0	0	0	0.423	0	0.423
CYP7A1	ALB	1848316	1847637	9606.ENSP00000301645	9606.ENSP00000295897	0	0	0	0	0	0	0	0.423	0	0.422
SREBF2	DGAT2	1854125	1843131	9606.ENSP00000354476	9606.ENSP00000228027	0	0	0	0	0	0	0	0.420	0	0.420
MTTP	LCAT	1845764	1845454	9606.ENSP00000265517	9606.ENSP00000264005	0	0	0	0	0	0	0	0.419	0	0.418
SPHK1	ALB	1849643	1847637	9606.ENSP00000313681	9606.ENSP00000295897	0	0	0	0	0	0	0	0.417	0	0.416
GCG	HMGCR	1859292	1847097	9606.ENSP00000387662	9606.ENSP00000287936	0	0	0	0	0	0	0	0.417	0	0.416
NPC1	sphingomyelin	1846078	-124848925	9606.ENSP00000269228	-1.CID124848925	0	0	0	0	0	0	0	0.416	0	0.416
LCAT	oleic acid	1845454	-100000965	9606.ENSP00000264005	-1.CID100000965	0	0	0	0	0	0	0	0.415	0	0.416
PTGS2	anandamide	1854602	-100002185	9606.ENSP00000356438	-1.CID100002185	0	0	0	0	0	0	0.150	0.331	0	0.415
ALB	FAAH	1847637	1843656	9606.ENSP00000295897	9606.ENSP00000243167	0	0	0	0	0	0	0	0.414	0	0.414
PLA2G4A	LCAT	1854600	1845454	9606.ENSP00000356436	9606.ENSP00000264005	0	0	0	0	0	0	0	0.414	0	0.414
LCAT	arachidonic ac.	1845454	-100000231	9606.ENSP00000264005	-1.CID100000231	0	0	0	0	0	0	0	0.412	0	0.412
CYP11A1	24S-hydroxycho.	1845987	-100121948	9606.ENSP00000268053	-1.CID100121948	0	0	0	0	0	0	0	0.411	0	0.411
PTEN	ceramide	1855586	-100002506	9606.ENSP00000361021	-1.CID100002506	0	0	0	0	0	0	0	0.410	0	0.410
APOE	sphingomyelin	1844127	-124848925	9606.ENSP00000252486	-1.CID124848925	0	0	0	0	0	0	0	0.409	0	0.409
sphingosine	Triacylglycero.	-100001104	-105460048	-1.CID100001104	-1.CID105460048	0	0	0	0	0	0	0	0.409	0	0.409
S1PR2	sphingosine	1863970	-100001104	9606.ENSP00000466933	-1.CID100001104	0	0	0	0	0	0	0	0.408	0	0.408
DHCR24	SREBF2	1855451	1854125	9606.ENSP00000360316	9606.ENSP00000354476	0	0	0	0	0	0	0	0.407	0	0.407
SREBF2	ALB	1854125	1847637	9606.ENSP00000354476	9606.ENSP00000295897	0	0	0	0	0	0	0	0.407	0	0.407
HMGCR	STAR	1847097	1846496	9606.ENSP00000287936	9606.ENSP00000276449	0	0	0	0	0	0	0	0.407	0	0.407
ALOX12	linolenic acid	1844066	-100000860	9606.ENSP00000251535	-1.CID100000860	0	0	0	0	0	0	0	0.406	0	0.406
VR1	arachidonic ac.	1863439	-100000231	9606.ENSP00000459962	-1.CID100000231	0	0	0	0	0	0	0	0.404	0	0.405
eicosapent.d (.	phosphatid.min.	-100003209	-100114944	-1.CID100003209	-1.CID100114944	0	0	0	0	0	0	0	0.404	0	0.404
APOE	arachidonic ac.	1844127	-100000231	9606.ENSP00000252486	-1.CID100000231	0	0	0	0	0	0	0	0.403	0	0.403
arachidonic ac.	PtdIns	-100000231	-116738692	-1.CID100000231	-1.CID116738692	0	0	0	0	0	0	0	0.400	0	0.400